qui;6
aut;6
ut;6
est;5
quia;4
voluptatem;4
rerum;3
sed;3
sit;3
omnis;3
non;3
consequatur;3
voluptas;3
nihil;2
enim;2
sint;2
d;2
quis;2
eum;2
in;2
do;2
quo;2
vel;2
ea;2
dolor;2
dolores;2
velit;2
eos;2
id;2
molestiae;2
sunt;2
autem;2
et;11
harum;1
doloremque;1
architecto;1
laboriosam;1
amet;1
itaque;1
sequi;1
voluptatibus;1
minima;1
quisquam;1
totam;1
laborum;1
fuga;1
vitae;1
inventore;1
maxime;1
ab;1
accusamus;1
quas;1
vero;1
aperiam;1
nostrum;1
illum;1
corrupti;1
consectetur;1
dolorem;1
iusto;1
dunt;1
iure;1
fugit;1
deleniti;1
animi;1
odio;1
dolorum;1
illo;1
esse;1
consequuntur;1
aliquam;1
cum;1
soluta;1
eligendi;1
possimus;1
beatae;1
voluptatum;1
laudantium;1
doloribus;1
adipisci;1
nemo;1
assumenda;1
exercitationem;1
tempora;1
cupiditate;1
nam;1
neque;1
accusantium;1
necessitatibus;1
labore;1
di;1
distinctio;1
earum;1
ipsam;1
corporis;1
quidem;1
repellendus;1
ratione;1
saepe;1
numquam;1
praesentium;1
tenetur;1
impedit;1
quaerat;1
nesciunt;1
delectus;1
pariatur;1
unde;1
recusandae;1
optio;1
eveniet;1
magnam;1
ullam;1
eius;1
perferendis;1
dicta;1
suscipit;1
aspernatur;1
inci;1
libero;1
modi;1
veniam;1
commodi;1
sapiente;1
reiciendis;1
reprehenderit;1
facilis;1
ducimus;1
repudiandae;1
asperiores;1
fugiat;1
facere;1
blanditiis;1
natus;1
perspiciatis;1
quasi;1
at;1
maiores;1
officiis;1
nulla;1
rem;1
alias;1
placeat;1
provident;1
dolore;1
temporibus;1
ad;1
magni;1
a;1
voluptate;1
culpa;1
atque;1
eaque;1
explicabo;1
iste;1
quam;1
error;1
dignissimos;1
similique;1
hic;1
deserunt;1
ng;1
mollitia;1
molestias;1
officia;1
excepturi;1
minus;1
odit;1
quos;1
quibusdam;1
quod;1
quae;1
lorem;1
aliquid;1
obcaecati;1
voluptates;1
ipsa;1
repellat;1
debitis;1
nobis;1
tempore;1
porro;1
ipsum;1
ex;1
expedita;1
cumque;1
veritatis;1
nisi;1
